{
  "project_info": {
    "project_number": "1023342163649",
    "firebase_url": "https://women-cricket-team-default-rtdb.firebaseio.com",
    "project_id": "women-cricket-team",
    "storage_bucket": "women-cricket-team.appspot.com"
  },
  "client": [
    {
      "client_info": {
        "mobilesdk_app_id": "1:1023342163649:android:0e26350146a6b750c30640",
        "android_client_info": {
          "package_name": "com.example.womencricketteam"
        }
      },
      "oauth_client": [
        {
          "client_id": "1023342163649-hf1b93dvitvbuh006v2gdnkq330eofin.apps.googleusercontent.com",
          "client_type": 3
        }
      ],
      "api_key": [
        {
          "current_key": "AIzaSyDE2K7iHhxZud-PcoHuHd8fq1JGXr7JzF0"
        }
      ],
      "services": {
        "appinvite_service": {
          "other_platform_oauth_client": [
            {
              "client_id": "1023342163649-hf1b93dvitvbuh006v2gdnkq330eofin.apps.googleusercontent.com",
              "client_type": 3
            }
          ]
        }
      }
    }
  ],
  "configuration_version": "1"
}